-- phpMyAdmin SQL Dump
-- version 4.0.10deb1
-- http://www.phpmyadmin.net
--
-- Host: localhost
-- Generation Time: Mar 11, 2016 at 05:28 PM
-- Server version: 5.5.40-0ubuntu0.14.04.1
-- PHP Version: 5.5.9-1ubuntu4.5

SET SQL_MODE = "NO_AUTO_VALUE_ON_ZERO";
SET time_zone = "+00:00";


/*!40101 SET @OLD_CHARACTER_SET_CLIENT=@@CHARACTER_SET_CLIENT */;
/*!40101 SET @OLD_CHARACTER_SET_RESULTS=@@CHARACTER_SET_RESULTS */;
/*!40101 SET @OLD_COLLATION_CONNECTION=@@COLLATION_CONNECTION */;
/*!40101 SET NAMES utf8 */;

--
-- Database: `concrete5_7_test`
--

-- --------------------------------------------------------

--
-- Table structure for table `five_crudix_items`
--

CREATE TABLE IF NOT EXISTS `five_crudix_items` (
  `id` int(10) unsigned NOT NULL AUTO_INCREMENT,
  `name` varchar(255) COLLATE utf8_unicode_ci DEFAULT NULL,
  `description` varchar(255) COLLATE utf8_unicode_ci DEFAULT NULL,
  `confirmed` tinyint(1) DEFAULT '0',
  PRIMARY KEY (`id`)
) ENGINE=InnoDB  DEFAULT CHARSET=utf8 COLLATE=utf8_unicode_ci AUTO_INCREMENT=501 ;

--
-- Dumping data for table `five_crudix_items`
--

INSERT INTO `five_crudix_items` (`id`, `name`, `description`, `confirmed`) VALUES
(1, 'name1', 'description1', 0),
(2, 'name2', 'description2', 0),
(3, 'name3', 'description3', 0),
(4, 'name4', 'description4', 0),
(5, 'name5', 'description5', 0),
(6, 'name6', 'description6', 0),
(7, 'name7', 'description7', 0),
(8, 'name8', 'description8', 0),
(9, 'name9', 'description9', 0),
(10, 'name10', 'description10', 0),
(11, 'name11', 'description11', 0),
(12, 'name12', 'description12', 0),
(13, 'name13', 'description13', 0),
(14, 'name14', 'description14', 0),
(15, 'name15', 'description15', 0),
(16, 'name16', 'description16', 0),
(17, 'name17', 'description17', 0),
(18, 'name18', 'description18', 0),
(19, 'name19', 'description19', 0),
(20, 'name20', 'description20', 0),
(21, 'name21', 'description21', 0),
(22, 'name22', 'description22', 0),
(23, 'name23', 'description23', 0),
(24, 'name24', 'description24', 0),
(25, 'name25', 'description25', 0),
(26, 'name26', 'description26', 0),
(27, 'name27', 'description27', 0),
(28, 'name28', 'description28', 0),
(29, 'name29', 'description29', 0),
(30, 'name30', 'description30', 0),
(31, 'name31', 'description31', 0),
(32, 'name32', 'description32', 0),
(33, 'name33', 'description33', 0),
(34, 'name34', 'description34', 0),
(35, 'name35', 'description35', 0),
(36, 'name36', 'description36', 0),
(37, 'name37', 'description37', 0),
(38, 'name38', 'description38', 0),
(39, 'name39', 'description39', 0),
(40, 'name40', 'description40', 0),
(41, 'name41', 'description41', 0),
(42, 'name42', 'description42', 0),
(43, 'name43', 'description43', 0),
(44, 'name44', 'description44', 0),
(45, 'name45', 'description45', 0),
(46, 'name46', 'description46', 0),
(47, 'name47', 'description47', 0),
(48, 'name48', 'description48', 0),
(49, 'name49', 'description49', 0),
(50, 'name50', 'description50', 0),
(51, 'name51', 'description51', 0),
(52, 'name52', 'description52', 0),
(53, 'name53', 'description53', 0),
(54, 'name54', 'description54', 0),
(55, 'name55', 'description55', 0),
(56, 'name56', 'description56', 0),
(57, 'name57', 'description57', 0),
(58, 'name58', 'description58', 0),
(59, 'name59', 'description59', 0),
(60, 'name60', 'description60', 0),
(61, 'name61', 'description61', 0),
(62, 'name62', 'description62', 0),
(63, 'name63', 'description63', 0),
(64, 'name64', 'description64', 0),
(65, 'name65', 'description65', 0),
(66, 'name66', 'description66', 0),
(67, 'name67', 'description67', 0),
(68, 'name68', 'description68', 0),
(69, 'name69', 'description69', 0),
(70, 'name70', 'description70', 0),
(71, 'name71', 'description71', 0),
(72, 'name72', 'description72', 0),
(73, 'name73', 'description73', 0),
(74, 'name74', 'description74', 0),
(75, 'name75', 'description75', 0),
(76, 'name76', 'description76', 0),
(77, 'name77', 'description77', 0),
(78, 'name78', 'description78', 0),
(79, 'name79', 'description79', 0),
(80, 'name80', 'description80', 0),
(81, 'name81', 'description81', 0),
(82, 'name82', 'description82', 0),
(83, 'name83', 'description83', 0),
(84, 'name84', 'description84', 0),
(85, 'name85', 'description85', 0),
(86, 'name86', 'description86', 0),
(87, 'name87', 'description87', 0),
(88, 'name88', 'description88', 0),
(89, 'name89', 'description89', 0),
(90, 'name90', 'description90', 0),
(91, 'name91', 'description91', 0),
(92, 'name92', 'description92', 0),
(93, 'name93', 'description93', 0),
(94, 'name94', 'description94', 0),
(95, 'name95', 'description95', 0),
(96, 'name96', 'description96', 0),
(97, 'name97', 'description97', 0),
(98, 'name98', 'description98', 0),
(99, 'name99', 'description99', 0),
(100, 'name100', 'description100', 0),
(101, 'name101', 'description101', 0),
(102, 'name102', 'description102', 0),
(103, 'name103', 'description103', 0),
(104, 'name104', 'description104', 0),
(105, 'name105', 'description105', 0),
(106, 'name106', 'description106', 0),
(107, 'name107', 'description107', 0),
(108, 'name108', 'description108', 0),
(109, 'name109', 'description109', 0),
(110, 'name110', 'description110', 0),
(111, 'name111', 'description111', 0),
(112, 'name112', 'description112', 0),
(113, 'name113', 'description113', 0),
(114, 'name114', 'description114', 0),
(115, 'name115', 'description115', 0),
(116, 'name116', 'description116', 0),
(117, 'name117', 'description117', 0),
(118, 'name118', 'description118', 0),
(119, 'name119', 'description119', 0),
(120, 'name120', 'description120', 0),
(121, 'name121', 'description121', 0),
(122, 'name122', 'description122', 0),
(123, 'name123', 'description123', 0),
(124, 'name124', 'description124', 0),
(125, 'name125', 'description125', 0),
(126, 'name126', 'description126', 0),
(127, 'name127', 'description127', 0),
(128, 'name128', 'description128', 0),
(129, 'name129', 'description129', 0),
(130, 'name130', 'description130', 0),
(131, 'name131', 'description131', 0),
(132, 'name132', 'description132', 0),
(133, 'name133', 'description133', 0),
(134, 'name134', 'description134', 0),
(135, 'name135', 'description135', 0),
(136, 'name136', 'description136', 0),
(137, 'name137', 'description137', 0),
(138, 'name138', 'description138', 0),
(139, 'name139', 'description139', 0),
(140, 'name140', 'description140', 0),
(141, 'name141', 'description141', 0),
(142, 'name142', 'description142', 0),
(143, 'name143', 'description143', 0),
(144, 'name144', 'description144', 0),
(145, 'name145', 'description145', 0),
(146, 'name146', 'description146', 0),
(147, 'name147', 'description147', 0),
(148, 'name148', 'description148', 0),
(149, 'name149', 'description149', 0),
(150, 'name150', 'description150', 0),
(151, 'name151', 'description151', 0),
(152, 'name152', 'description152', 0),
(153, 'name153', 'description153', 0),
(154, 'name154', 'description154', 0),
(155, 'name155', 'description155', 0),
(156, 'name156', 'description156', 0),
(157, 'name157', 'description157', 0),
(158, 'name158', 'description158', 0),
(159, 'name159', 'description159', 0),
(160, 'name160', 'description160', 0),
(161, 'name161', 'description161', 0),
(162, 'name162', 'description162', 0),
(163, 'name163', 'description163', 0),
(164, 'name164', 'description164', 0),
(165, 'name165', 'description165', 0),
(166, 'name166', 'description166', 0),
(167, 'name167', 'description167', 0),
(168, 'name168', 'description168', 0),
(169, 'name169', 'description169', 0),
(170, 'name170', 'description170', 0),
(171, 'name171', 'description171', 0),
(172, 'name172', 'description172', 0),
(173, 'name173', 'description173', 0),
(174, 'name174', 'description174', 0),
(175, 'name175', 'description175', 0),
(176, 'name176', 'description176', 0),
(177, 'name177', 'description177', 0),
(178, 'name178', 'description178', 0),
(179, 'name179', 'description179', 0),
(180, 'name180', 'description180', 0),
(181, 'name181', 'description181', 0),
(182, 'name182', 'description182', 0),
(183, 'name183', 'description183', 0),
(184, 'name184', 'description184', 0),
(185, 'name185', 'description185', 0),
(186, 'name186', 'description186', 0),
(187, 'name187', 'description187', 0),
(188, 'name188', 'description188', 0),
(189, 'name189', 'description189', 0),
(190, 'name190', 'description190', 0),
(191, 'name191', 'description191', 0),
(192, 'name192', 'description192', 0),
(193, 'name193', 'description193', 0),
(194, 'name194', 'description194', 0),
(195, 'name195', 'description195', 0),
(196, 'name196', 'description196', 0),
(197, 'name197', 'description197', 0),
(198, 'name198', 'description198', 0),
(199, 'name199', 'description199', 0),
(200, 'name200', 'description200', 0),
(201, 'name201', 'description201', 0),
(202, 'name202', 'description202', 0),
(203, 'name203', 'description203', 0),
(204, 'name204', 'description204', 0),
(205, 'name205', 'description205', 0),
(206, 'name206', 'description206', 0),
(207, 'name207', 'description207', 0),
(208, 'name208', 'description208', 0),
(209, 'name209', 'description209', 0),
(210, 'name210', 'description210', 0),
(215, 'name215', 'description215', 0),
(216, 'name216', 'description216', 0),
(217, 'name217', 'description217', 0),
(218, 'name218', 'description218', 0),
(219, 'name219', 'description219', 0),
(220, 'name220', 'description220', 0),
(221, 'name221', 'description221', 0),
(222, 'name222', 'description222', 0),
(223, 'name223', 'description223', 0),
(224, 'name224', 'description224', 0),
(225, 'name225', 'description225', 0),
(226, 'name226', 'description226', 0),
(227, 'name227', 'description227', 0),
(228, 'name228', 'description228', 0),
(229, 'name229', 'description229', 0),
(230, 'name230', 'description230', 0),
(231, 'name231', 'description231', 0),
(232, 'name232', 'description232', 0),
(233, 'name233', 'description233', 0),
(234, 'name234', 'description234', 0),
(235, 'name235', 'description235', 0),
(236, 'name236', 'description236', 0),
(237, 'name237', 'description237', 0),
(238, 'name238', 'description238', 0),
(239, 'name239', 'description239', 0),
(240, 'name240', 'description240', 0),
(241, 'name241', 'description241', 0),
(242, 'name242', 'description242', 0),
(243, 'name243', 'description243', 0),
(244, 'name244', 'description244', 0),
(245, 'name245', 'description245', 0),
(246, 'name246', 'description246', 0),
(247, 'name247', 'description247', 0),
(248, 'name248', 'description248', 0),
(249, 'name249', 'description249', 0),
(250, 'name250', 'description250', 0),
(251, 'name251', 'description251', 0),
(252, 'name252', 'description252', 0),
(253, 'name253', 'description253', 0),
(254, 'name254', 'description254', 0),
(255, 'name255', 'description255', 0),
(256, 'name256', 'description256', 0),
(257, 'name257', 'description257', 0),
(258, 'name258', 'description258', 0),
(259, 'name259', 'description259', 0),
(260, 'name260', 'description260', 0),
(261, 'name261', 'description261', 0),
(262, 'name262', 'description262', 0),
(263, 'name263', 'description263', 0),
(264, 'name264', 'description264', 0),
(265, 'name265', 'description265', 0),
(266, 'name266', 'description266', 0),
(267, 'name267', 'description267', 0),
(268, 'name268', 'description268', 0),
(269, 'name269', 'description269', 0),
(270, 'name270', 'description270', 0),
(271, 'name271', 'description271', 0),
(272, 'name272', 'description272', 0),
(273, 'name273', 'description273', 0),
(274, 'name274', 'description274', 0),
(275, 'name275', 'description275', 0),
(276, 'name276', 'description276', 0),
(277, 'name277', 'description277', 0),
(278, 'name278', 'description278', 0),
(279, 'name279', 'description279', 0),
(280, 'name280', 'description280', 0),
(281, 'name281', 'description281', 0),
(282, 'name282', 'description282', 0),
(283, 'name283', 'description283', 0),
(284, 'name284', 'description284', 0),
(285, 'name285', 'description285', 0),
(286, 'name286', 'description286', 0),
(287, 'name287', 'description287', 0),
(288, 'name288', 'description288', 0),
(289, 'name289', 'description289', 0),
(290, 'name290', 'description290', 0),
(291, 'name291', 'description291', 0),
(292, 'name292', 'description292', 0),
(293, 'name293', 'description293', 0),
(294, 'name294', 'description294', 0),
(295, 'name295', 'description295', 0),
(296, 'name296', 'description296', 0),
(297, 'name297', 'description297', 0),
(298, 'name298', 'description298', 0),
(299, 'name299', 'description299', 0),
(300, 'name300', 'description300', 0),
(301, 'name301', 'description301', 0),
(302, 'name302', 'description302', 0),
(303, 'name303', 'description303', 0),
(304, 'name304', 'description304', 0),
(305, 'name305', 'description305', 0),
(306, 'name306', 'description306', 0),
(307, 'name307', 'description307', 0),
(308, 'name308', 'description308', 0),
(309, 'name309', 'description309', 0),
(310, 'name310', 'description310', 0),
(311, 'name311', 'description311', 0),
(312, 'name312', 'description312', 0),
(313, 'name313', 'description313', 0),
(314, 'name314', 'description314', 0),
(315, 'name315', 'description315', 0),
(316, 'name316', 'description316', 0),
(317, 'name317', 'description317', 0),
(318, 'name318', 'description318', 0),
(319, 'name319', 'description319', 0),
(320, 'name320', 'description320', 0),
(321, 'name321', 'description321', 0),
(322, 'name322', 'description322', 0),
(323, 'name323', 'description323', 0),
(324, 'name324', 'description324', 0),
(325, 'name325', 'description325', 0),
(326, 'name326', 'description326', 0),
(327, 'name327', 'description327', 0),
(328, 'name328', 'description328', 0),
(329, 'name329', 'description329', 0),
(330, 'name330', 'description330', 0),
(331, 'name331', 'description331', 0),
(332, 'name332', 'description332', 0),
(333, 'name333', 'description333', 0),
(334, 'name334', 'description334', 0),
(335, 'name335', 'description335', 0),
(336, 'name336', 'description336', 0),
(337, 'name337', 'description337', 0),
(338, 'name338', 'description338', 0),
(339, 'name339', 'description339', 0),
(340, 'name340', 'description340', 0),
(341, 'name341', 'description341', 0),
(342, 'name342', 'description342', 0),
(343, 'name343', 'description343', 0),
(344, 'name344', 'description344', 0),
(345, 'name345', 'description345', 0),
(346, 'name346', 'description346', 0),
(347, 'name347', 'description347', 0),
(348, 'name348', 'description348', 0),
(349, 'name349', 'description349', 0),
(350, 'name350', 'description350', 0),
(351, 'name351', 'description351', 0),
(352, 'name352', 'description352', 0),
(353, 'name353', 'description353', 0),
(354, 'name354', 'description354', 0),
(355, 'name355', 'description355', 0),
(356, 'name356', 'description356', 0),
(357, 'name357', 'description357', 0),
(358, 'name358', 'description358', 0),
(359, 'name359', 'description359', 0),
(360, 'name360', 'description360', 0),
(361, 'name361', 'description361', 0),
(362, 'name362', 'description362', 0),
(363, 'name363', 'description363', 0),
(364, 'name364', 'description364', 0),
(365, 'name365', 'description365', 0),
(366, 'name366', 'description366', 0),
(367, 'name367', 'description367', 0),
(368, 'name368', 'description368', 0),
(369, 'name369', 'description369', 0),
(370, 'name370', 'description370', 0),
(371, 'name371', 'description371', 0),
(372, 'name372', 'description372', 0),
(373, 'name373', 'description373', 0),
(374, 'name374', 'description374', 0),
(375, 'name375', 'description375', 0),
(376, 'name376', 'description376', 0),
(377, 'name377', 'description377', 0),
(378, 'name378', 'description378', 0),
(379, 'name379', 'description379', 0),
(380, 'name380', 'description380', 0),
(381, 'name381', 'description381', 0),
(382, 'name382', 'description382', 0),
(383, 'name383', 'description383', 0),
(384, 'name384', 'description384', 0),
(385, 'name385', 'description385', 0),
(386, 'name386', 'description386', 0),
(387, 'name387', 'description387', 0),
(388, 'name388', 'description388', 0),
(389, 'name389', 'description389', 0),
(390, 'name390', 'description390', 0),
(391, 'name391', 'description391', 0),
(392, 'name392', 'description392', 0),
(393, 'name393', 'description393', 0),
(394, 'name394', 'description394', 0),
(395, 'name395', 'description395', 0),
(396, 'name396', 'description396', 0),
(397, 'name397', 'description397', 0),
(398, 'name398', 'description398', 0),
(399, 'name399', 'description399', 0),
(400, 'name400', 'description400', 0),
(401, 'name401', 'description401', 0),
(402, 'name402', 'description402', 0),
(403, 'name403', 'description403', 0),
(404, 'name404', 'description404', 0),
(405, 'name405', 'description405', 0),
(406, 'name406', 'description406', 0),
(407, 'name407', 'description407', 0),
(408, 'name408', 'description408', 0),
(409, 'name409', 'description409', 0),
(410, 'name410', 'description410', 0),
(411, 'name411', 'description411', 0),
(412, 'name412', 'description412', 0),
(413, 'name413', 'description413', 0),
(414, 'name414', 'description414', 0),
(415, 'name415', 'description415', 0),
(416, 'name416', 'description416', 0),
(417, 'name417', 'description417', 0),
(418, 'name418', 'description418', 0),
(419, 'name419', 'description419', 0),
(420, 'name420', 'description420', 0),
(421, 'name421', 'description421', 0),
(422, 'name422', 'description422', 0),
(423, 'name423', 'description423', 0),
(424, 'name424', 'description424', 0),
(425, 'name425', 'description425', 0),
(426, 'name426', 'description426', 0),
(427, 'name427', 'description427', 0),
(428, 'name428', 'description428', 0),
(429, 'name429', 'description429', 0),
(430, 'name430', 'description430', 0),
(431, 'name431', 'description431', 0),
(432, 'name432', 'description432', 0),
(433, 'name433', 'description433', 0),
(434, 'name434', 'description434', 0),
(435, 'name435', 'description435', 0),
(436, 'name436', 'description436', 0),
(437, 'name437', 'description437', 0),
(438, 'name438', 'description438', 0),
(439, 'name439', 'description439', 0),
(440, 'name440', 'description440', 0),
(441, 'name441', 'description441', 0),
(442, 'name442', 'description442', 0),
(443, 'name443', 'description443', 0),
(444, 'name444', 'description444', 0),
(445, 'name445', 'description445', 0),
(446, 'name446', 'description446', 0),
(447, 'name447', 'description447', 0),
(448, 'name448', 'description448', 0),
(449, 'name449', 'description449', 0),
(450, 'name450', 'description450', 0),
(451, 'name451', 'description451', 0),
(452, 'name452', 'description452', 0),
(453, 'name453', 'description453', 0),
(454, 'name454', 'description454', 0),
(455, 'name455', 'description455', 0),
(456, 'name456', 'description456', 0),
(457, 'name457', 'description457', 0),
(458, 'name458', 'description458', 0),
(459, 'name459', 'description459', 0),
(460, 'name460', 'description460', 0),
(461, 'name461', 'description461', 0),
(462, 'name462', 'description462', 0),
(463, 'name463', 'description463', 0),
(464, 'name464', 'description464', 0),
(465, 'name465', 'description465', 0),
(466, 'name466', 'description466', 0),
(467, 'name467', 'description467', 0),
(468, 'name468', 'description468', 0),
(469, 'name469', 'description469', 0),
(470, 'name470', 'description470', 0),
(471, 'name471', 'description471', 0),
(472, 'name472', 'description472', 0),
(473, 'name473', 'description473', 0),
(474, 'name474', 'description474', 0),
(475, 'name475', 'description475', 0),
(476, 'name476', 'description476', 0),
(477, 'name477', 'description477', 0),
(478, 'name478', 'description478', 0),
(479, 'name479', 'description479', 0),
(480, 'name480', 'description480', 0),
(481, 'name481', 'description481', 0),
(482, 'name482', 'description482', 0),
(483, 'name483', 'description483', 0),
(484, 'name484', 'description484', 0),
(485, 'name485', 'description485', 0),
(486, 'name486', 'description486', 0),
(487, 'name487', 'description487', 0),
(488, 'name488', 'description488', 0),
(489, 'name489', 'description489', 0),
(490, 'name490', 'description490', 0),
(491, 'name491', 'description491', 0),
(492, 'name492', 'description492', 0),
(493, 'name493', 'description493', 0),
(494, 'name494', 'description494', 0),
(495, 'name495', 'description495', 0),
(496, 'name496', 'description496', 0),
(497, 'name497', 'description497', 0),
(498, 'name498', 'description498', 0),
(499, 'name499', 'description499', 0),
(500, 'name500', 'description500', 0);

-- --------------------------------------------------------

--
-- Table structure for table `five_crudix_items_roles`
--

CREATE TABLE IF NOT EXISTS `five_crudix_items_roles` (
  `id` int(10) unsigned NOT NULL AUTO_INCREMENT,
  `item_id` int(11) DEFAULT NULL,
  `role_id` int(11) DEFAULT NULL,
  PRIMARY KEY (`id`)
) ENGINE=InnoDB  DEFAULT CHARSET=utf8 COLLATE=utf8_unicode_ci AUTO_INCREMENT=503 ;

--
-- Dumping data for table `five_crudix_items_roles`
--

INSERT INTO `five_crudix_items_roles` (`id`, `item_id`, `role_id`) VALUES
(1, 1, 1),
(2, 2, 2),
(3, 3, 1),
(4, 4, 2),
(5, 5, 2),
(6, 6, 1),
(7, 7, 2),
(8, 8, 3),
(9, 9, 2),
(10, 10, 1),
(11, 11, 1),
(12, 12, 3),
(13, 13, 3),
(14, 14, 1),
(15, 15, 2),
(16, 16, 2),
(17, 17, 1),
(18, 18, 1),
(19, 19, 3),
(20, 20, 1),
(21, 21, 2),
(22, 22, 3),
(23, 23, 1),
(24, 24, 2),
(25, 25, 2),
(26, 26, 1),
(27, 27, 1),
(28, 28, 2),
(29, 29, 3),
(30, 30, 3),
(31, 31, 2),
(32, 32, 3),
(33, 33, 1),
(34, 34, 3),
(35, 35, 2),
(36, 36, 3),
(37, 37, 3),
(38, 38, 3),
(39, 39, 2),
(40, 40, 2),
(41, 41, 3),
(42, 42, 3),
(43, 43, 1),
(44, 44, 3),
(45, 45, 1),
(46, 46, 2),
(47, 47, 1),
(48, 48, 2),
(49, 49, 3),
(50, 50, 1),
(51, 51, 2),
(52, 52, 2),
(53, 53, 3),
(54, 54, 2),
(55, 55, 3),
(56, 56, 2),
(57, 57, 3),
(58, 58, 1),
(59, 59, 3),
(60, 60, 2),
(61, 61, 3),
(62, 62, 2),
(63, 63, 2),
(64, 64, 1),
(65, 65, 1),
(66, 66, 3),
(67, 67, 1),
(68, 68, 1),
(69, 69, 3),
(70, 70, 3),
(71, 71, 2),
(72, 72, 3),
(73, 73, 2),
(74, 74, 3),
(75, 75, 2),
(76, 76, 3),
(77, 77, 1),
(78, 78, 3),
(79, 79, 1),
(80, 80, 1),
(81, 81, 3),
(82, 82, 3),
(83, 83, 3),
(84, 84, 3),
(85, 85, 2),
(86, 86, 3),
(87, 87, 1),
(88, 88, 1),
(89, 89, 1),
(90, 90, 1),
(91, 91, 3),
(92, 92, 3),
(93, 93, 3),
(94, 94, 1),
(95, 95, 1),
(96, 96, 1),
(97, 97, 1),
(98, 98, 2),
(99, 99, 1),
(100, 100, 3),
(101, 101, 1),
(102, 102, 2),
(103, 103, 3),
(104, 104, 3),
(105, 105, 1),
(106, 106, 1),
(107, 107, 2),
(108, 108, 2),
(109, 109, 3),
(110, 110, 3),
(111, 111, 3),
(112, 112, 3),
(113, 113, 2),
(114, 114, 2),
(115, 115, 3),
(116, 116, 3),
(117, 117, 1),
(118, 118, 1),
(119, 119, 1),
(120, 120, 1),
(121, 121, 1),
(122, 122, 3),
(123, 123, 1),
(124, 124, 1),
(125, 125, 1),
(126, 126, 2),
(127, 127, 1),
(128, 128, 2),
(129, 129, 3),
(130, 130, 2),
(131, 131, 1),
(132, 132, 3),
(133, 133, 3),
(134, 134, 3),
(135, 135, 3),
(136, 136, 1),
(137, 137, 1),
(138, 138, 1),
(139, 139, 3),
(140, 140, 1),
(141, 141, 3),
(142, 142, 2),
(143, 143, 3),
(144, 144, 2),
(145, 145, 3),
(146, 146, 2),
(147, 147, 1),
(148, 148, 1),
(149, 149, 2),
(150, 150, 2),
(151, 151, 2),
(152, 152, 3),
(153, 153, 1),
(154, 154, 2),
(155, 155, 1),
(156, 156, 2),
(157, 157, 1),
(158, 158, 1),
(159, 159, 3),
(160, 160, 3),
(161, 161, 3),
(162, 162, 1),
(163, 163, 3),
(164, 164, 2),
(165, 165, 1),
(166, 166, 2),
(167, 167, 3),
(168, 168, 1),
(169, 169, 3),
(170, 170, 2),
(171, 171, 1),
(172, 172, 3),
(173, 173, 3),
(174, 174, 3),
(175, 175, 1),
(176, 176, 3),
(177, 177, 2),
(178, 178, 2),
(179, 179, 3),
(180, 180, 1),
(181, 181, 3),
(182, 182, 1),
(183, 183, 3),
(184, 184, 1),
(185, 185, 3),
(186, 186, 3),
(187, 187, 2),
(188, 188, 3),
(189, 189, 1),
(190, 190, 1),
(191, 191, 3),
(192, 192, 3),
(193, 193, 2),
(194, 194, 2),
(195, 195, 2),
(196, 196, 2),
(197, 197, 1),
(198, 198, 2),
(199, 199, 2),
(200, 200, 1),
(201, 201, 3),
(202, 202, 3),
(203, 203, 3),
(204, 204, 3),
(205, 205, 3),
(206, 206, 1),
(207, 207, 3),
(208, 208, 1),
(209, 209, 2),
(210, 210, 2),
(211, 211, 2),
(212, 212, 2),
(213, 213, 3),
(214, 214, 1),
(215, 215, 2),
(216, 216, 3),
(217, 217, 1),
(218, 218, 1),
(219, 219, 3),
(220, 220, 2),
(221, 221, 2),
(222, 222, 2),
(223, 223, 2),
(224, 224, 3),
(225, 225, 1),
(226, 226, 1),
(227, 227, 1),
(228, 228, 2),
(229, 229, 2),
(230, 230, 3),
(231, 231, 2),
(232, 232, 2),
(233, 233, 2),
(234, 234, 2),
(235, 235, 1),
(236, 236, 2),
(237, 237, 2),
(238, 238, 3),
(239, 239, 3),
(240, 240, 1),
(241, 241, 2),
(242, 242, 1),
(243, 243, 2),
(244, 244, 2),
(245, 245, 2),
(246, 246, 1),
(247, 247, 2),
(248, 248, 2),
(249, 249, 1),
(250, 250, 1),
(251, 251, 1),
(252, 252, 2),
(253, 253, 3),
(254, 254, 2),
(255, 255, 2),
(256, 256, 1),
(257, 257, 3),
(258, 258, 2),
(259, 259, 2),
(260, 260, 1),
(261, 261, 2),
(262, 262, 3),
(263, 263, 3),
(264, 264, 1),
(265, 265, 1),
(266, 266, 3),
(267, 267, 2),
(268, 268, 3),
(269, 269, 3),
(270, 270, 2),
(271, 271, 3),
(272, 272, 2),
(273, 273, 2),
(274, 274, 1),
(275, 275, 1),
(276, 276, 3),
(277, 277, 1),
(278, 278, 2),
(279, 279, 2),
(280, 280, 2),
(281, 281, 2),
(282, 282, 3),
(283, 283, 1),
(284, 284, 2),
(285, 285, 2),
(286, 286, 2),
(287, 287, 2),
(288, 288, 1),
(289, 289, 1),
(290, 290, 3),
(291, 291, 1),
(292, 292, 2),
(293, 293, 3),
(294, 294, 1),
(295, 295, 3),
(296, 296, 1),
(297, 297, 3),
(298, 298, 2),
(299, 299, 3),
(300, 300, 3),
(301, 301, 3),
(302, 302, 2),
(303, 303, 2),
(304, 304, 1),
(305, 305, 3),
(306, 306, 2),
(307, 307, 1),
(308, 308, 1),
(309, 309, 3),
(310, 310, 3),
(311, 311, 2),
(312, 312, 2),
(313, 313, 2),
(314, 314, 2),
(315, 315, 3),
(316, 316, 3),
(317, 317, 1),
(318, 318, 1),
(319, 319, 3),
(320, 320, 1),
(321, 321, 1),
(322, 322, 1),
(323, 323, 3),
(324, 324, 3),
(325, 325, 1),
(326, 326, 2),
(327, 327, 1),
(328, 328, 1),
(329, 329, 3),
(330, 330, 1),
(331, 331, 1),
(332, 332, 2),
(333, 333, 3),
(334, 334, 2),
(335, 335, 3),
(336, 336, 2),
(337, 337, 1),
(338, 338, 3),
(339, 339, 3),
(340, 340, 1),
(341, 341, 3),
(342, 342, 2),
(343, 343, 2),
(344, 344, 1),
(345, 345, 1),
(346, 346, 2),
(347, 347, 3),
(348, 348, 1),
(349, 349, 3),
(350, 350, 3),
(351, 351, 2),
(352, 352, 3),
(353, 353, 1),
(354, 354, 1),
(355, 355, 3),
(356, 356, 2),
(357, 357, 3),
(358, 358, 1),
(359, 359, 2),
(360, 360, 2),
(361, 361, 1),
(362, 362, 3),
(363, 363, 1),
(364, 364, 3),
(365, 365, 1),
(366, 366, 1),
(367, 367, 2),
(368, 368, 2),
(369, 369, 1),
(370, 370, 1),
(371, 371, 2),
(372, 372, 3),
(373, 373, 3),
(374, 374, 3),
(375, 375, 3),
(376, 376, 3),
(377, 377, 2),
(378, 378, 3),
(379, 379, 1),
(380, 380, 1),
(381, 381, 3),
(382, 382, 2),
(383, 383, 3),
(384, 384, 3),
(385, 385, 2),
(386, 386, 3),
(387, 387, 1),
(388, 388, 1),
(389, 389, 3),
(390, 390, 3),
(391, 391, 3),
(392, 392, 3),
(393, 393, 2),
(394, 394, 3),
(395, 395, 3),
(396, 396, 3),
(397, 397, 3),
(398, 398, 1),
(399, 399, 1),
(400, 400, 1),
(401, 401, 2),
(402, 402, 2),
(403, 403, 3),
(404, 404, 2),
(405, 405, 2),
(406, 406, 2),
(407, 407, 1),
(408, 408, 3),
(409, 409, 2),
(410, 410, 1),
(411, 411, 1),
(412, 412, 1),
(413, 413, 2),
(414, 414, 1),
(415, 415, 1),
(416, 416, 1),
(417, 417, 3),
(418, 418, 1),
(419, 419, 2),
(420, 420, 2),
(421, 421, 3),
(422, 422, 1),
(423, 423, 2),
(424, 424, 2),
(425, 425, 1),
(426, 426, 2),
(427, 427, 1),
(428, 428, 1),
(429, 429, 2),
(430, 430, 2),
(431, 431, 1),
(432, 432, 1),
(433, 433, 1),
(434, 434, 3),
(435, 435, 2),
(436, 436, 2),
(437, 437, 2),
(438, 438, 3),
(439, 439, 2),
(440, 440, 3),
(441, 441, 1),
(442, 442, 3),
(443, 443, 1),
(444, 444, 3),
(445, 445, 3),
(446, 446, 1),
(447, 447, 3),
(448, 448, 2),
(449, 449, 2),
(450, 450, 1),
(451, 451, 1),
(452, 452, 2),
(453, 453, 2),
(454, 454, 3),
(455, 455, 3),
(456, 456, 2),
(457, 457, 1),
(458, 458, 1),
(459, 459, 2),
(460, 460, 3),
(461, 461, 2),
(462, 462, 3),
(463, 463, 1),
(464, 464, 2),
(465, 465, 2),
(466, 466, 3),
(467, 467, 1),
(468, 468, 1),
(469, 469, 2),
(470, 470, 3),
(471, 471, 3),
(472, 472, 3),
(473, 473, 2),
(474, 474, 1),
(475, 475, 2),
(476, 476, 1),
(477, 477, 1),
(478, 478, 2),
(479, 479, 3),
(480, 480, 2),
(481, 481, 3),
(482, 482, 1),
(483, 483, 3),
(484, 484, 1),
(485, 485, 3),
(486, 486, 3),
(487, 487, 3),
(488, 488, 1),
(489, 489, 3),
(490, 490, 2),
(491, 491, 3),
(492, 492, 2),
(493, 493, 1),
(494, 494, 3),
(495, 495, 3),
(496, 496, 3),
(497, 497, 3),
(498, 498, 1),
(499, 499, 3),
(500, 500, 1),
(501, 1, 2),
(502, 1, 3);

-- --------------------------------------------------------

--
-- Table structure for table `five_crudix_permissions`
--

CREATE TABLE IF NOT EXISTS `five_crudix_permissions` (
  `id` int(10) unsigned NOT NULL AUTO_INCREMENT,
  `name` varchar(255) COLLATE utf8_unicode_ci DEFAULT NULL,
  PRIMARY KEY (`id`)
) ENGINE=InnoDB  DEFAULT CHARSET=utf8 COLLATE=utf8_unicode_ci AUTO_INCREMENT=7 ;

--
-- Dumping data for table `five_crudix_permissions`
--

INSERT INTO `five_crudix_permissions` (`id`, `name`) VALUES
(1, 'read'),
(2, 'write'),
(3, 'execute'),
(4, 'publish');

-- --------------------------------------------------------

--
-- Table structure for table `five_crudix_roles`
--

CREATE TABLE IF NOT EXISTS `five_crudix_roles` (
  `id` int(10) unsigned NOT NULL AUTO_INCREMENT,
  `name` varchar(255) COLLATE utf8_unicode_ci DEFAULT NULL,
  `role` varchar(255) COLLATE utf8_unicode_ci DEFAULT NULL,
  PRIMARY KEY (`id`)
) ENGINE=InnoDB  DEFAULT CHARSET=utf8 COLLATE=utf8_unicode_ci AUTO_INCREMENT=4 ;

--
-- Dumping data for table `five_crudix_roles`
--

INSERT INTO `five_crudix_roles` (`id`, `name`, `role`) VALUES
(1, 'Administrator', 'admin'),
(2, 'User', 'user'),
(3, 'Other', 'other');

-- --------------------------------------------------------

--
-- Table structure for table `five_crudix_roles_permissions`
--

CREATE TABLE IF NOT EXISTS `five_crudix_roles_permissions` (
  `id` int(10) unsigned NOT NULL AUTO_INCREMENT,
  `role_id` int(11) DEFAULT NULL,
  `permission_id` int(11) DEFAULT NULL,
  PRIMARY KEY (`id`)
) ENGINE=InnoDB  DEFAULT CHARSET=utf8 COLLATE=utf8_unicode_ci AUTO_INCREMENT=8 ;

--
-- Dumping data for table `five_crudix_roles_permissions`
--

INSERT INTO `five_crudix_roles_permissions` (`id`, `role_id`, `permission_id`) VALUES
(1, 1, 1),
(2, 1, 2),
(3, 1, 3),
(4, 1, 4),
(5, 2, 1),
(6, 2, 2),
(7, 3, 1);

/*!40101 SET CHARACTER_SET_CLIENT=@OLD_CHARACTER_SET_CLIENT */;
/*!40101 SET CHARACTER_SET_RESULTS=@OLD_CHARACTER_SET_RESULTS */;
/*!40101 SET COLLATION_CONNECTION=@OLD_COLLATION_CONNECTION */;
